{"cameraMode":{"drawMode":0,"name":"Shaded","section":"Shading Mode"},"sceneLighting":true,"audioPlay":false,"sceneViewState":{"showFog":true,"showMaterialUpdate":false,"showSkybox":true,"showFlares":true,"showImageEffects":true,"showParticleSystems":true},"in2DMode":false,"pivot":{"x":614.8935546875,"y":53.263916015625,"z":-126.8857192993164},"rotation":{"x":-0.01680842973291874,"y":-0.007954725995659829,"z":0.0002722584758885205,"w":-0.999996542930603},"size":392.49346923828127,"orthographic":false}