{"cameraMode":{"drawMode":0,"name":"Shaded","section":"Shading Mode"},"sceneLighting":false,"audioPlay":false,"sceneViewState":{"showFog":true,"showMaterialUpdate":false,"showSkybox":false,"showFlares":true,"showImageEffects":true,"showParticleSystems":true},"in2DMode":false,"pivot":{"x":2.073789596557617,"y":0.7886471748352051,"z":-3.1471800804138185},"rotation":{"x":-0.09093160927295685,"y":-0.8332285284996033,"z":0.14420393109321595,"w":-0.5260776281356812},"size":2.9598073959350588,"orthographic":false}