{"cameraMode":{"drawMode":0,"name":"Shaded","section":"Shading Mode"},"sceneLighting":false,"audioPlay":false,"sceneViewState":{"showFog":true,"showMaterialUpdate":false,"showSkybox":false,"showFlares":true,"showImageEffects":true,"showParticleSystems":true},"in2DMode":false,"pivot":{"x":55.224552154541019,"y":86.76203155517578,"z":-111.92032623291016},"rotation":{"x":-0.017479529604315759,"y":0.15386050939559937,"z":0.002721925266087055,"w":0.9879453182220459},"size":39.89913558959961,"orthographic":false}