{"cameraMode":{"drawMode":0,"name":"Shaded","section":"Shading Mode"},"sceneLighting":true,"audioPlay":false,"sceneViewState":{"showFog":true,"showMaterialUpdate":false,"showSkybox":true,"showFlares":true,"showImageEffects":true,"showParticleSystems":true},"in2DMode":false,"pivot":{"x":-0.9490065574645996,"y":1.2540894746780396,"z":-0.16664230823516847},"rotation":{"x":-0.1160891130566597,"y":0.8671117424964905,"z":-0.23886975646018983,"w":-0.42141589522361758},"size":1.243901014328003,"orthographic":false}