{"cameraMode":{"drawMode":0,"name":"Shaded","section":"Shading Mode"},"sceneLighting":false,"audioPlay":false,"sceneViewState":{"showFog":true,"showMaterialUpdate":false,"showSkybox":false,"showFlares":true,"showImageEffects":true,"showParticleSystems":true},"in2DMode":false,"pivot":{"x":1.2109999656677247,"y":1.3618181943893433,"z":0.0},"rotation":{"x":0.013473008759319783,"y":0.9863622188568115,"z":-0.10575273633003235,"w":0.12556017935276032},"size":0.10188692808151245,"orthographic":false}