{"cameraMode":{"drawMode":0,"name":"Shaded","section":"Shading Mode"},"sceneLighting":true,"audioPlay":false,"sceneViewState":{"showFog":true,"showMaterialUpdate":true,"showSkybox":true,"showFlares":true,"showImageEffects":true,"showParticleSystems":true},"in2DMode":false,"pivot":{"x":0.8199234008789063,"y":-3.8529486656188967,"z":0.17300796508789063},"rotation":{"x":-0.08513408154249191,"y":0.8620719909667969,"z":-0.15447600185871125,"w":-0.475101113319397},"size":15.27695369720459,"orthographic":false}