{"cameraMode":{"drawMode":0,"name":"Shaded","section":"Shading Mode"},"sceneLighting":true,"audioPlay":false,"sceneViewState":{"showFog":true,"showMaterialUpdate":false,"showSkybox":true,"showFlares":true,"showImageEffects":true,"showParticleSystems":true},"in2DMode":false,"pivot":{"x":0.31060564517974856,"y":2.158949851989746,"z":-0.44381940364837649},"rotation":{"x":-0.16845010221004487,"y":0.536984920501709,"z":-0.1104387417435646,"w":-0.8192108869552612},"size":3.9889156818389894,"orthographic":false}